node,count
mesh-nodes-c466b6db7-jdpsj,27
mesh-nodes-c466b6db7-qch47,26
mesh-nodes-c466b6db7-nsbt4,25
mesh-nodes-c466b6db7-xcgqw,23
mesh-nodes-c466b6db7-jnp9m,22
mesh-nodes-c466b6db7-svvxr,22
mesh-nodes-c466b6db7-pgl7f,22
mesh-nodes-c466b6db7-k9qfp,22
mesh-nodes-c466b6db7-wqlhs,22
mesh-nodes-c466b6db7-qjbb8,22
mesh-nodes-c466b6db7-nbcq6,22
mesh-nodes-c466b6db7-55p9c,21
mesh-nodes-c466b6db7-x6qzv,21
mesh-nodes-c466b6db7-85zlv,21
mesh-nodes-c466b6db7-sgb8f,20
mesh-nodes-c466b6db7-7c4kb,20
mesh-nodes-c466b6db7-rr4xz,20
mesh-nodes-c466b6db7-gbdgm,20
mesh-nodes-c466b6db7-7fmrd,20
mesh-nodes-c466b6db7-khmcw,20
mesh-nodes-c466b6db7-gkm67,20
mesh-nodes-c466b6db7-qtt2b,20
mesh-nodes-c466b6db7-df87l,20
mesh-nodes-c466b6db7-fm75h,19
mesh-nodes-c466b6db7-kd6s4,19
mesh-nodes-c466b6db7-vrb5p,19
mesh-nodes-c466b6db7-s492g,19
mesh-nodes-c466b6db7-hmcz2,19
mesh-nodes-c466b6db7-jsbn9,19
mesh-nodes-c466b6db7-wzl9q,19
mesh-nodes-c466b6db7-ft6x4,19
mesh-nodes-c466b6db7-nc4lf,19
mesh-nodes-c466b6db7-tnp8k,19
mesh-nodes-c466b6db7-tsxzm,19
mesh-nodes-c466b6db7-vbn9l,19
mesh-nodes-c466b6db7-hm9vr,19
mesh-nodes-c466b6db7-z4xsd,19
mesh-nodes-c466b6db7-rzg2j,19
mesh-nodes-c466b6db7-rrrdh,19
mesh-nodes-c466b6db7-xh2nj,19
mesh-nodes-c466b6db7-ngsv6,19
mesh-nodes-c466b6db7-nhlcd,19
mesh-nodes-c466b6db7-x8txj,18
mesh-nodes-c466b6db7-ghdpl,18
mesh-nodes-c466b6db7-cnckv,18
mesh-nodes-c466b6db7-shrsm,18
mesh-nodes-c466b6db7-wxxvw,18
mesh-nodes-c466b6db7-24bhx,18
mesh-nodes-c466b6db7-4ks6v,18
mesh-nodes-c466b6db7-7d5l5,18
mesh-nodes-c466b6db7-m9svw,18
mesh-nodes-c466b6db7-h7xdn,17
mesh-nodes-c466b6db7-2wzdr,17
mesh-nodes-c466b6db7-tpnxg,17
mesh-nodes-c466b6db7-fjcpq,17
mesh-nodes-c466b6db7-wnfkx,17
mesh-nodes-c466b6db7-98j27,17
mesh-nodes-c466b6db7-sbl6w,17
mesh-nodes-c466b6db7-47gs7,17
mesh-nodes-c466b6db7-hsfdp,17
mesh-nodes-c466b6db7-7kn6b,17
mesh-nodes-c466b6db7-hkx4m,17
mesh-nodes-c466b6db7-cd76c,17
mesh-nodes-c466b6db7-bllwz,17
mesh-nodes-c466b6db7-rtmmg,16
mesh-nodes-c466b6db7-p2rqk,16
mesh-nodes-c466b6db7-vwnln,16
mesh-nodes-c466b6db7-zpcmw,16
mesh-nodes-c466b6db7-m92q9,16
mesh-nodes-c466b6db7-b9dst,16
mesh-nodes-c466b6db7-5q7lv,16
mesh-nodes-c466b6db7-5t22d,16
mesh-nodes-c466b6db7-gzcps,16
mesh-nodes-c466b6db7-j7f7k,16
mesh-nodes-c466b6db7-87xrr,15
mesh-nodes-c466b6db7-z99ql,15
mesh-nodes-c466b6db7-jsgbx,15
mesh-nodes-c466b6db7-qmg7f,15
mesh-nodes-c466b6db7-kfrb9,15
mesh-nodes-c466b6db7-dk5ts,15
mesh-nodes-c466b6db7-2ndwk,15
mesh-nodes-c466b6db7-qrhj6,15
mesh-nodes-c466b6db7-md7p9,15
mesh-nodes-c466b6db7-c5bhr,15
mesh-nodes-c466b6db7-927zl,15
mesh-nodes-c466b6db7-dqg5d,14
mesh-nodes-c466b6db7-g9w92,14
mesh-nodes-c466b6db7-2z9nw,14
mesh-nodes-c466b6db7-5q9nb,14
mesh-nodes-c466b6db7-6qcm5,14
mesh-nodes-c466b6db7-h2ct9,14
mesh-nodes-c466b6db7-k9j9p,14
mesh-nodes-c466b6db7-klsrx,14
mesh-nodes-c466b6db7-c2f2l,14
mesh-nodes-c466b6db7-7wk7b,14
mesh-nodes-c466b6db7-g225z,14
mesh-nodes-c466b6db7-w8vbf,14
mesh-nodes-c466b6db7-8xqth,14
mesh-nodes-c466b6db7-tdwzl,14
mesh-nodes-c466b6db7-5j2jx,14
mesh-nodes-c466b6db7-77m2l,14
mesh-nodes-c466b6db7-7ghv6,13
mesh-nodes-c466b6db7-strdj,13
mesh-nodes-c466b6db7-dzmwk,13
mesh-nodes-c466b6db7-nmgmm,13
mesh-nodes-c466b6db7-6lp7s,13
mesh-nodes-c466b6db7-tkzfx,13
mesh-nodes-c466b6db7-p56j8,12
mesh-nodes-c466b6db7-4dpls,12
mesh-nodes-c466b6db7-6gcqx,12
mesh-nodes-c466b6db7-l9sjv,12
mesh-nodes-c466b6db7-ltmxf,12
mesh-nodes-c466b6db7-bfsv6,12
mesh-nodes-c466b6db7-hhx9m,11
mesh-nodes-c466b6db7-s8rhp,11
mesh-nodes-c466b6db7-vv2kx,11
mesh-nodes-c466b6db7-b52nx,10
mesh-nodes-c466b6db7-9rhgn,10
mesh-nodes-c466b6db7-btqj6,9
mesh-nodes-c466b6db7-b7nrx,9
